{
  "project_info": {
    "project_number": "942624015743",
    "project_id": "firebase-myscrapkart"
  },
  "client": [
    {
      "client_info": {
        "mobilesdk_app_id": "1:942624015743:android:0fb9794e9754368f",
        "android_client_info": {
          "package_name": "com.example.android.myscrapkart"
        }
      },
      "oauth_client": [
        {
          "client_id": "942624015743-vhbt0e06m5q4otki19qd5hlngshimkhl.apps.googleusercontent.com",
          "client_type": 1,
          "android_info": {
            "package_name": "com.example.android.myscrapkart",
            "certificate_hash": "BC752E9A4F3647E62EA0940B7BA5FFBF5C80D7CC"
          }
        },
        {
          "client_id": "942624015743-dh3rv83iureakq1kg8sgutptj0m6f9mh.apps.googleusercontent.com",
          "client_type": 3
        }
      ],
      "api_key": [
        {
          "current_key": "AIzaSyDzsGwYyIbNTTAiC89Ovnh-GQkLXLb34bE"
        }
      ],
      "services": {
        "analytics_service": {
          "status": 1
        },
        "appinvite_service": {
          "status": 1,
          "other_platform_oauth_client": []
        },
        "ads_service": {
          "status": 1
        }
      }
    }
  ],
  "configuration_version": "1"
}